{"cameraMode":{"drawMode":0,"name":"Shaded","section":"Shading Mode"},"sceneLighting":true,"audioPlay":false,"sceneViewState":{"m_AlwaysRefresh":false,"showFog":true,"showSkybox":true,"showFlares":true,"showImageEffects":true,"showParticleSystems":true,"showVisualEffectGraphs":true,"m_FxEnabled":true},"in2DMode":false,"pivot":{"x":-4.902030944824219,"y":2.4360618591308595,"z":11.358970642089844},"rotation":{"x":0.16846942901611329,"y":0.7849001884460449,"z":-0.24279871582984925,"w":0.5446176528930664},"size":15.008062362670899,"orthographic":false}