{"cameraMode":{"drawMode":0,"name":"Shaded","section":"Shading Mode"},"sceneLighting":true,"audioPlay":false,"sceneViewState":{"m_AlwaysRefresh":false,"showFog":true,"showSkybox":true,"showFlares":true,"showImageEffects":true,"showParticleSystems":true,"showVisualEffectGraphs":true,"m_FxEnabled":true},"in2DMode":false,"pivot":{"x":1.1169662475585938,"y":10.924896240234375,"z":-2.9100704193115236},"rotation":{"x":-0.15036901831626893,"y":0.5952993035316467,"z":-0.11461396515369415,"w":-0.7809759378433228},"size":26.660280227661134,"orthographic":false}