{"cameraMode":{"drawMode":0,"name":"Shaded","section":"Shading Mode"},"sceneLighting":true,"audioPlay":false,"sceneViewState":{"m_AlwaysRefresh":false,"showFog":true,"showSkybox":true,"showFlares":true,"showImageEffects":true,"showParticleSystems":true,"showVisualEffectGraphs":true,"m_FxEnabled":true},"in2DMode":false,"pivot":{"x":3.0400147438049318,"y":0.7568788528442383,"z":1.3242297172546387},"rotation":{"x":0.16654814779758454,"y":0.3829120099544525,"z":-0.07039259374141693,"w":0.9059380888938904},"size":5.381105422973633,"orthographic":false}