{"cameraMode":{"drawMode":0,"name":"Shaded","section":"Shading Mode"},"sceneLighting":true,"audioPlay":false,"sceneViewState":{"m_AlwaysRefresh":false,"showFog":true,"showSkybox":true,"showFlares":true,"showImageEffects":true,"showParticleSystems":true,"showVisualEffectGraphs":true,"m_FxEnabled":true},"in2DMode":false,"pivot":{"x":10.346271514892579,"y":1.7500019073486329,"z":0.1259007453918457},"rotation":{"x":-0.10055110603570938,"y":0.6824055314064026,"z":-0.0956115871667862,"w":-0.7177002429962158},"size":2.3049187660217287,"orthographic":false}