{"cameraMode":{"drawMode":0,"name":"Shaded","section":"Shading Mode"},"sceneLighting":true,"audioPlay":false,"sceneViewState":{"m_AlwaysRefresh":false,"showFog":true,"showSkybox":true,"showFlares":true,"showImageEffects":true,"showParticleSystems":true,"showVisualEffectGraphs":true,"m_FxEnabled":true},"in2DMode":false,"pivot":{"x":-15.728185653686524,"y":0.9727462530136108,"z":-0.7491822838783264},"rotation":{"x":0.24965359270572663,"y":-0.2598569691181183,"z":0.06973466277122498,"w":0.9302358031272888},"size":1.8762311935424805,"orthographic":false}