{"cameraMode":{"drawMode":0,"name":"Shaded","section":"Shading Mode"},"sceneLighting":true,"audioPlay":false,"sceneViewState":{"m_AlwaysRefresh":false,"showFog":true,"showSkybox":true,"showFlares":true,"showImageEffects":true,"showParticleSystems":true,"showVisualEffectGraphs":true,"m_FxEnabled":true},"in2DMode":false,"pivot":{"x":10.281579971313477,"y":1.2146214246749879,"z":-0.5365279316902161},"rotation":{"x":0.07399360090494156,"y":0.6440701484680176,"z":-0.06279432773590088,"w":0.7587993741035461},"size":2.7188844680786135,"orthographic":false}